Vendeur;Region;Produit;Quantite;PrixUnitaire;MontantVente;DateVente
Diana;Ouest;Produit_C;49;51.91;2543.5899999999997;2023-01-01
Evan;Ouest;Produit_A;30;41.83;1254.8999999999999;2023-01-02
Charlie;Ouest;Produit_C;45;65.11;2929.95;2023-01-03
Evan;Ouest;Produit_A;6;71.87;431.22;2023-01-04
Evan;Ouest;Produit_C;17;5.41;91.97;2023-01-05
Bob;Nord;Produit_C;45;20.86;938.6999999999999;2023-01-06
Charlie;Ouest;Produit_B;19;72.74;1382.06;2023-01-07
Charlie;Nord;Produit_A;42;68.31;2869.02;2023-01-08
Charlie;Ouest;Produit_B;35;96.77;3386.95;2023-01-09
Evan;Est;Produit_A;46;77.3;3555.7999999999997;2023-01-10
Diana;Sud;Produit_C;26;95.32;2478.3199999999997;2023-01-11
Charlie;Nord;Produit_C;5;71.74;358.7;2023-01-12
Evan;Ouest;Produit_A;29;33.31;965.99;2023-01-13
Bob;Est;Produit_B;37;15.01;555.37;2023-01-14
Diana;Sud;Produit_B;20;79.27;1585.3999999999999;2023-01-15
Bob;Nord;Produit_B;49;66.19;3243.31;2023-01-16
Diana;Sud;Produit_B;21;9.58;201.18;2023-01-17
Evan;Est;Produit_C;10;39.2;392.0;2023-01-18
Alice;Nord;Produit_C;5;95.9;479.5;2023-01-19
Diana;Sud;Produit_C;36;52.54;1891.44;2023-01-20
Bob;Ouest;Produit_C;6;46.11;276.65999999999997;2023-01-21
Evan;Nord;Produit_C;26;48.48;1260.48;2023-01-22
Diana;Sud;Produit_B;4;24.84;99.36;2023-01-23
Alice;Est;Produit_B;39;40.03;1561.17;2023-01-24
Alice;Est;Produit_B;39;40.13;1565.0700000000002;2023-01-25
Charlie;Nord;Produit_B;35;9.97;348.95000000000005;2023-01-26
Charlie;Sud;Produit_C;1;77.92;77.92;2023-01-27
Bob;Nord;Produit_C;24;44.57;1069.68;2023-01-28
Diana;Nord;Produit_C;36;83.11;2991.96;2023-01-29
Diana;Sud;Produit_A;6;85.78;514.6800000000001;2023-01-30
Charlie;Sud;Produit_B;41;25.14;1030.74;2023-01-31
Diana;Ouest;Produit_B;46;67.45;3102.7000000000003;2023-02-01
Diana;Sud;Produit_C;44;49.87;2194.2799999999997;2023-02-02
Alice;Est;Produit_B;31;88.61;2746.91;2023-02-03
Charlie;Nord;Produit_B;20;25.5;510.0;2023-02-04
Evan;Nord;Produit_C;24;69.39;1665.3600000000001;2023-02-05
Charlie;Est;Produit_A;25;62.74;1568.5;2023-02-06
Evan;Sud;Produit_A;36;33.05;1189.8;2023-02-07
Alice;Est;Produit_A;21;17.98;377.58;2023-02-08
Bob;Est;Produit_C;30;66.91;2007.3;2023-02-09
Diana;Ouest;Produit_B;24;75.17;1804.08;2023-02-10
Alice;Est;Produit_C;44;34.98;1539.12;2023-02-11
Diana;Nord;Produit_C;42;66.26;2782.92;2023-02-12
Bob;Est;Produit_B;30;42.54;1276.2;2023-02-13
Bob;Nord;Produit_A;22;72.75;1600.5;2023-02-14
Alice;Nord;Produit_A;28;23.93;670.04;2023-02-15
Bob;Nord;Produit_C;7;89.57;626.99;2023-02-16
Evan;Sud;Produit_A;35;32.3;1130.5;2023-02-17
Bob;Ouest;Produit_C;28;39.94;1118.32;2023-02-18
Diana;Nord;Produit_C;14;10.52;147.28;2023-02-19
Diana;Nord;Produit_B;10;15.59;155.9;2023-02-20
Diana;Sud;Produit_B;16;54.01;864.16;2023-02-21
Diana;Nord;Produit_B;16;30.42;486.72;2023-02-22
Evan;Est;Produit_C;31;84.37;2615.4700000000003;2023-02-23
Charlie;Est;Produit_B;42;6.4;268.8;2023-02-24
Alice;Ouest;Produit_A;25;41.01;1025.25;2023-02-25
Diana;Nord;Produit_A;13;37.05;481.65;2023-02-26
Bob;Sud;Produit_C;6;6.84;41.04;2023-02-27
Diana;Est;Produit_C;44;16.81;739.64;2023-02-28
Bob;Sud;Produit_B;9;44.3;398.7;2023-03-01
Bob;Sud;Produit_C;45;51.82;2331.9;2023-03-02
Diana;Est;Produit_C;36;43.41;1562.7599999999998;2023-03-03
Evan;Sud;Produit_A;43;55.44;2383.92;2023-03-04
Bob;Est;Produit_A;20;61.54;1230.8;2023-03-05
Bob;Sud;Produit_B;18;5.94;106.92;2023-03-06
Diana;Est;Produit_C;43;49.09;2110.8700000000003;2023-03-07
Bob;Nord;Produit_C;21;96.53;2027.13;2023-03-08
Bob;Ouest;Produit_A;4;54.31;217.24;2023-03-09
Diana;Est;Produit_C;33;69.37;2289.21;2023-03-10
Diana;Est;Produit_A;27;34.63;935.0100000000001;2023-03-11
Alice;Ouest;Produit_B;7;78.53;549.71;2023-03-12
Evan;Est;Produit_A;6;78.43;470.58000000000004;2023-03-13
Evan;Est;Produit_C;15;54.52;817.8000000000001;2023-03-14
Bob;Sud;Produit_B;18;97.72;1758.96;2023-03-15
Evan;Ouest;Produit_A;32;16.93;541.76;2023-03-16
Bob;Nord;Produit_A;11;6.61;72.71000000000001;2023-03-17
Alice;Est;Produit_B;20;78.17;1563.4;2023-03-18
Diana;Ouest;Produit_B;24;81.68;1960.3200000000002;2023-03-19
Diana;Sud;Produit_A;15;16.42;246.3;2023-03-20
Diana;Nord;Produit_C;48;30.23;1451.04;2023-03-21
Evan;Ouest;Produit_A;7;6.67;46.69;2023-03-22
Alice;Nord;Produit_B;21;32.86;690.06;2023-03-23
Evan;Nord;Produit_A;42;78.45;3294.9;2023-03-24
Evan;Nord;Produit_B;26;54.21;1409.46;2023-03-25
Alice;Est;Produit_B;44;38.07;1675.08;2023-03-26
Alice;Est;Produit_C;14;40.32;564.48;2023-03-27
Alice;Sud;Produit_B;37;5.13;189.81;2023-03-28
Alice;Sud;Produit_B;21;33.48;703.0799999999999;2023-03-29
Diana;Ouest;Produit_C;18;66.41;1195.3799999999999;2023-03-30
Charlie;Sud;Produit_B;5;97.55;487.75;2023-03-31
Charlie;Nord;Produit_C;3;85.47;256.40999999999997;2023-04-01
Alice;Nord;Produit_C;23;7.24;166.52;2023-04-02
Charlie;Est;Produit_B;26;90.36;2349.36;2023-04-03
Charlie;Nord;Produit_B;37;79.4;2937.8;2023-04-04
Alice;Ouest;Produit_A;24;79.14;1899.3600000000001;2023-04-05
Charlie;Nord;Produit_C;49;48.51;2376.99;2023-04-06
Evan;Nord;Produit_A;19;42.81;813.3900000000001;2023-04-07
Bob;Ouest;Produit_B;25;33.78;844.5;2023-04-08
Bob;Sud;Produit_A;21;11.24;236.04;2023-04-09
Alice;Sud;Produit_C;12;26.68;320.15999999999997;2023-04-10
Diana;Ouest;Produit_A;41;28.43;1165.6299999999999;2023-04-11
Alice;Est;Produit_C;33;50.99;1682.67;2023-04-12
Diana;Nord;Produit_B;4;76.01;304.04;2023-04-13
Bob;Ouest;Produit_B;42;50.01;2100.42;2023-04-14
Alice;Nord;Produit_C;7;10.5;73.5;2023-04-15
Evan;Est;Produit_B;22;95.99;2111.7799999999997;2023-04-16
Charlie;Nord;Produit_B;33;94.56;3120.48;2023-04-17
Diana;Ouest;Produit_B;17;79.59;1353.03;2023-04-18
Charlie;Nord;Produit_B;24;99.18;2380.32;2023-04-19
Charlie;Sud;Produit_C;34;56.73;1928.82;2023-04-20
Alice;Est;Produit_A;28;96.46;2700.8799999999997;2023-04-21
Charlie;Est;Produit_A;43;12.18;523.74;2023-04-22
Evan;Est;Produit_B;41;39.74;1629.3400000000001;2023-04-23
Charlie;Ouest;Produit_A;39;26.41;1029.99;2023-04-24
Alice;Est;Produit_A;22;23.6;519.2;2023-04-25
Evan;Sud;Produit_B;49;18.38;900.62;2023-04-26
Bob;Ouest;Produit_B;17;64.13;1090.21;2023-04-27
Charlie;Sud;Produit_A;34;79.23;2693.82;2023-04-28
Alice;Nord;Produit_C;6;59.94;359.64;2023-04-29
Bob;Nord;Produit_B;46;18.96;872.1600000000001;2023-04-30
Bob;Nord;Produit_C;6;82.06;492.36;2023-05-01
Diana;Nord;Produit_A;34;65.42;2224.28;2023-05-02
Evan;Sud;Produit_B;1;41.88;41.88;2023-05-03
Charlie;Ouest;Produit_C;10;69.04;690.4000000000001;2023-05-04
Alice;Ouest;Produit_B;21;29.69;623.49;2023-05-05
Diana;Est;Produit_A;5;37.79;188.95;2023-05-06
Evan;Sud;Produit_C;2;92.16;184.32;2023-05-07
Diana;Nord;Produit_A;22;32.6;717.2;2023-05-08
Evan;Sud;Produit_A;48;49.65;2383.2;2023-05-09
Evan;Est;Produit_B;2;89.56;179.12;2023-05-10
Charlie;Est;Produit_C;10;72.23;722.3000000000001;2023-05-11
Evan;Sud;Produit_A;34;10.91;370.94;2023-05-12
Diana;Sud;Produit_A;16;18.99;303.84;2023-05-13
Evan;Sud;Produit_C;48;5.74;275.52;2023-05-14
Charlie;Ouest;Produit_A;39;64.94;2532.66;2023-05-15
Charlie;Nord;Produit_A;22;47.53;1045.66;2023-05-16
Diana;Sud;Produit_C;12;17.76;213.12;2023-05-17
Bob;Sud;Produit_C;24;96.0;2304.0;2023-05-18
Bob;Sud;Produit_C;47;55.32;2600.04;2023-05-19
Evan;Est;Produit_C;40;27.98;1119.2;2023-05-20
Alice;Est;Produit_B;38;52.56;1997.2800000000002;2023-05-21
Evan;Ouest;Produit_C;10;69.56;695.6;2023-05-22
Diana;Nord;Produit_B;35;12.24;428.40000000000003;2023-05-23
Diana;Ouest;Produit_B;49;31.1;1523.9;2023-05-24
Diana;Nord;Produit_B;32;81.66;2613.12;2023-05-25
Diana;Est;Produit_A;7;48.67;340.69;2023-05-26
Diana;Est;Produit_B;21;56.92;1195.32;2023-05-27
Charlie;Est;Produit_B;20;46.12;922.4;2023-05-28
Bob;Ouest;Produit_A;26;9.17;238.42;2023-05-29
Diana;Sud;Produit_A;4;20.75;83.0;2023-05-30
Alice;Sud;Produit_A;46;47.33;2177.18;2023-05-31
Alice;Est;Produit_C;22;24.87;547.14;2023-06-01
Alice;Sud;Produit_A;15;9.75;146.25;2023-06-02
Alice;Sud;Produit_A;40;85.15;3406.0;2023-06-03
Charlie;Ouest;Produit_B;21;98.21;2062.41;2023-06-04
Alice;Nord;Produit_A;15;80.35;1205.25;2023-06-05
Diana;Est;Produit_C;22;86.11;1894.42;2023-06-06
Evan;Est;Produit_A;28;27.99;783.7199999999999;2023-06-07
Alice;Ouest;Produit_C;14;96.26;1347.64;2023-06-08
Charlie;Ouest;Produit_A;27;23.71;640.1700000000001;2023-06-09
Charlie;Sud;Produit_A;41;95.39;3910.9900000000002;2023-06-10
Alice;Est;Produit_A;40;99.51;3980.4;2023-06-11
Evan;Nord;Produit_A;28;72.61;2033.08;2023-06-12
Alice;Ouest;Produit_C;26;98.21;2553.46;2023-06-13
Charlie;Nord;Produit_C;49;59.11;2896.39;2023-06-14
Bob;Nord;Produit_B;2;29.66;59.32;2023-06-15
Diana;Est;Produit_C;25;46.51;1162.75;2023-06-16
Charlie;Est;Produit_A;3;61.39;184.17000000000002;2023-06-17
Alice;Ouest;Produit_B;8;11.94;95.52;2023-06-18
Diana;Est;Produit_B;44;64.12;2821.28;2023-06-19
Alice;Est;Produit_B;33;98.21;3240.93;2023-06-20
Alice;Est;Produit_A;42;23.06;968.52;2023-06-21
Bob;Nord;Produit_C;35;80.3;2810.5;2023-06-22
Diana;Ouest;Produit_A;6;91.25;547.5;2023-06-23
Diana;Sud;Produit_B;39;94.65;3691.3500000000004;2023-06-24
Bob;Nord;Produit_A;23;96.21;2212.83;2023-06-25
Charlie;Est;Produit_A;25;54.54;1363.5;2023-06-26
Alice;Nord;Produit_C;43;97.84;4207.12;2023-06-27
Evan;Est;Produit_C;19;76.94;1461.86;2023-06-28
Alice;Est;Produit_B;5;20.36;101.8;2023-06-29
Alice;Nord;Produit_A;11;50.31;553.4100000000001;2023-06-30
Charlie;Ouest;Produit_A;12;73.24;878.8799999999999;2023-07-01
Alice;Est;Produit_C;10;28.5;285.0;2023-07-02
Bob;Ouest;Produit_A;8;65.86;526.88;2023-07-03
Bob;Sud;Produit_A;24;68.33;1639.92;2023-07-04
Diana;Est;Produit_A;28;20.46;572.88;2023-07-05
Evan;Ouest;Produit_C;41;58.68;2405.88;2023-07-06
Alice;Ouest;Produit_B;36;78.3;2818.7999999999997;2023-07-07
Alice;Sud;Produit_B;37;52.4;1938.8;2023-07-08
Charlie;Ouest;Produit_A;21;6.15;129.15;2023-07-09
Bob;Ouest;Produit_B;8;5.86;46.88;2023-07-10
Evan;Sud;Produit_C;9;38.92;350.28000000000003;2023-07-11
Diana;Est;Produit_C;47;92.99;4370.53;2023-07-12
Bob;Ouest;Produit_B;15;26.72;400.79999999999995;2023-07-13
Diana;Ouest;Produit_B;48;65.26;3132.4800000000005;2023-07-14
Charlie;Ouest;Produit_A;46;26.1;1200.6000000000001;2023-07-15
Charlie;Nord;Produit_B;40;35.56;1422.4;2023-07-16
Alice;Sud;Produit_A;18;85.56;1540.08;2023-07-17
Evan;Nord;Produit_A;42;74.24;3118.08;2023-07-18
Diana;Sud;Produit_C;20;14.06;281.2;2023-07-19
Bob;Est;Produit_C;6;45.73;274.38;2023-07-20
Charlie;Est;Produit_C;12;7.77;93.24;2023-07-21
Alice;Ouest;Produit_C;2;50.68;101.36;2023-07-22
Alice;Sud;Produit_B;7;67.93;475.51000000000005;2023-07-23
Diana;Est;Produit_C;16;16.26;260.16;2023-07-24
Charlie;Sud;Produit_B;3;32.44;97.32;2023-07-25
Evan;Est;Produit_C;45;42.79;1925.55;2023-07-26
Charlie;Nord;Produit_B;3;92.36;277.08;2023-07-27
Diana;Est;Produit_A;27;99.36;2682.72;2023-07-28
Diana;Nord;Produit_B;43;9.27;398.60999999999996;2023-07-29
Charlie;Est;Produit_B;40;77.3;3092.0;2023-07-30
Diana;Ouest;Produit_C;38;40.31;1531.7800000000002;2023-07-31
Charlie;Nord;Produit_B;33;42.28;1395.24;2023-08-01
Bob;Est;Produit_A;28;76.66;2146.48;2023-08-02
Charlie;Ouest;Produit_A;1;92.25;92.25;2023-08-03
Charlie;Nord;Produit_C;8;95.34;762.72;2023-08-04
Diana;Ouest;Produit_A;37;59.83;2213.71;2023-08-05
Diana;Sud;Produit_B;32;38.93;1245.76;2023-08-06
Alice;Sud;Produit_A;48;79.82;3831.3599999999997;2023-08-07
Alice;Nord;Produit_C;43;28.85;1240.55;2023-08-08
Bob;Est;Produit_B;37;58.59;2167.83;2023-08-09
Alice;Nord;Produit_C;4;39.06;156.24;2023-08-10
Charlie;Ouest;Produit_B;30;67.38;2021.3999999999999;2023-08-11
Diana;Est;Produit_A;6;27.84;167.04;2023-08-12
Alice;Sud;Produit_C;46;23.2;1067.2;2023-08-13
Alice;Est;Produit_C;19;92.23;1752.3700000000001;2023-08-14
Bob;Sud;Produit_B;32;14.67;469.44;2023-08-15
Bob;Est;Produit_C;9;53.07;477.63;2023-08-16
Charlie;Est;Produit_B;12;25.98;311.76;2023-08-17
Diana;Est;Produit_B;11;8.7;95.69999999999999;2023-08-18
Bob;Ouest;Produit_B;46;8.42;387.32;2023-08-19
Alice;Ouest;Produit_B;16;21.65;346.4;2023-08-20
Diana;Nord;Produit_A;1;87.34;87.34;2023-08-21
Diana;Nord;Produit_B;45;31.84;1432.8;2023-08-22
Alice;Sud;Produit_C;21;95.29;2001.0900000000001;2023-08-23
Bob;Ouest;Produit_A;30;60.25;1807.5;2023-08-24
Alice;Sud;Produit_C;13;46.48;604.24;2023-08-25
Diana;Nord;Produit_A;34;60.11;2043.74;2023-08-26
Evan;Sud;Produit_B;4;54.09;216.36;2023-08-27
Evan;Nord;Produit_A;28;77.08;2158.24;2023-08-28
Charlie;Ouest;Produit_A;38;31.84;1209.92;2023-08-29
Alice;Est;Produit_C;31;38.54;1194.74;2023-08-30
Alice;Ouest;Produit_C;27;89.94;2428.38;2023-08-31
Charlie;Sud;Produit_B;5;94.91;474.54999999999995;2023-09-01
Charlie;Sud;Produit_A;25;89.79;2244.75;2023-09-02
Charlie;Ouest;Produit_A;3;44.85;134.55;2023-09-03
Diana;Ouest;Produit_A;33;79.13;2611.29;2023-09-04
Alice;Nord;Produit_B;4;50.25;201.0;2023-09-05
Diana;Sud;Produit_B;25;52.27;1306.75;2023-09-06
Charlie;Sud;Produit_B;20;24.44;488.8;2023-09-07
Alice;Ouest;Produit_B;34;61.16;2079.44;2023-09-08
Diana;Est;Produit_B;26;22.68;589.68;2023-09-09
Diana;Sud;Produit_C;5;36.5;182.5;2023-09-10
Charlie;Est;Produit_A;35;86.23;3018.05;2023-09-11
Alice;Ouest;Produit_A;28;24.67;690.76;2023-09-12
Charlie;Ouest;Produit_A;29;11.76;341.04;2023-09-13
Alice;Nord;Produit_A;9;11.56;104.04;2023-09-14
Evan;Sud;Produit_A;38;94.37;3586.0600000000004;2023-09-15
Bob;Est;Produit_A;6;53.16;318.96;2023-09-16
Bob;Nord;Produit_A;19;43.89;833.91;2023-09-17
Bob;Sud;Produit_A;44;82.03;3609.32;2023-09-18
Charlie;Nord;Produit_C;11;84.4;928.4000000000001;2023-09-19
Evan;Ouest;Produit_A;2;36.56;73.12;2023-09-20
Alice;Sud;Produit_C;47;70.89;3331.83;2023-09-21
Diana;Nord;Produit_B;44;78.26;3443.44;2023-09-22
Alice;Nord;Produit_A;44;67.19;2956.3599999999997;2023-09-23
Diana;Est;Produit_B;9;19.4;174.6;2023-09-24
Alice;Nord;Produit_B;21;88.21;1852.4099999999999;2023-09-25
Evan;Sud;Produit_B;24;56.21;1349.04;2023-09-26
Diana;Sud;Produit_C;34;31.83;1082.22;2023-09-27
Charlie;Est;Produit_B;22;45.4;998.8;2023-09-28
Alice;Sud;Produit_B;3;8.57;25.71;2023-09-29
Alice;Ouest;Produit_B;12;17.15;205.79999999999998;2023-09-30
Diana;Sud;Produit_A;28;77.73;2176.44;2023-10-01
Charlie;Sud;Produit_A;30;5.0;150.0;2023-10-02
Charlie;Nord;Produit_C;26;44.57;1158.82;2023-10-03
Evan;Nord;Produit_C;48;54.64;2622.7200000000003;2023-10-04
Charlie;Sud;Produit_A;21;10.19;213.98999999999998;2023-10-05
Charlie;Est;Produit_C;28;97.44;2728.3199999999997;2023-10-06
Charlie;Nord;Produit_A;26;26.48;688.48;2023-10-07
Bob;Est;Produit_B;33;33.9;1118.7;2023-10-08
Evan;Sud;Produit_B;21;33.87;711.27;2023-10-09
Alice;Sud;Produit_C;35;26.89;941.15;2023-10-10
Diana;Ouest;Produit_A;34;5.14;174.76;2023-10-11
Alice;Nord;Produit_A;41;74.29;3045.8900000000003;2023-10-12
Evan;Sud;Produit_C;47;96.85;4551.95;2023-10-13
Diana;Ouest;Produit_A;18;26.31;473.58;2023-10-14
Evan;Nord;Produit_B;11;67.99;747.89;2023-10-15
Charlie;Sud;Produit_C;23;75.48;1736.0400000000002;2023-10-16
Diana;Sud;Produit_C;48;85.6;4108.799999999999;2023-10-17
Charlie;Nord;Produit_A;22;45.15;993.3;2023-10-18
Alice;Nord;Produit_C;17;33.78;574.26;2023-10-19
Alice;Nord;Produit_A;5;35.9;179.5;2023-10-20
Diana;Sud;Produit_A;44;72.7;3198.8;2023-10-21
Diana;Sud;Produit_A;11;82.59;908.49;2023-10-22
Evan;Ouest;Produit_A;30;22.25;667.5;2023-10-23
Evan;Est;Produit_A;15;40.24;603.6;2023-10-24
Charlie;Nord;Produit_C;27;90.68;2448.36;2023-10-25
Diana;Sud;Produit_B;35;81.64;2857.4;2023-10-26
Alice;Sud;Produit_B;33;98.56;3252.48;2023-10-27
Evan;Nord;Produit_C;20;76.65;1533.0;2023-10-28
Evan;Est;Produit_C;16;42.35;677.6;2023-10-29
Alice;Nord;Produit_B;34;61.11;2077.74;2023-10-30
Evan;Est;Produit_B;2;67.8;135.6;2023-10-31
Charlie;Sud;Produit_B;35;12.45;435.75;2023-11-01
Diana;Est;Produit_B;40;56.73;2269.2;2023-11-02
Alice;Ouest;Produit_B;28;72.39;2026.92;2023-11-03
Diana;Sud;Produit_A;47;20.9;982.3;2023-11-04
Evan;Ouest;Produit_C;39;79.16;3087.24;2023-11-05
Evan;Nord;Produit_A;6;60.46;362.76;2023-11-06
Alice;Nord;Produit_B;9;95.46;859.14;2023-11-07
Charlie;Nord;Produit_B;20;9.03;180.6;2023-11-08
Bob;Est;Produit_B;1;30.21;30.21;2023-11-09
Alice;Sud;Produit_A;8;62.15;497.2;2023-11-10
Bob;Nord;Produit_A;23;33.17;762.9100000000001;2023-11-11
Bob;Nord;Produit_B;3;72.87;218.61;2023-11-12
Charlie;Sud;Produit_A;4;77.11;308.44;2023-11-13
Bob;Nord;Produit_A;25;14.74;368.5;2023-11-14
Bob;Ouest;Produit_B;47;53.82;2529.54;2023-11-15
Charlie;Sud;Produit_A;38;53.34;2026.92;2023-11-16
Bob;Sud;Produit_C;15;40.08;601.1999999999999;2023-11-17
Bob;Sud;Produit_C;21;93.63;1966.23;2023-11-18
Bob;Ouest;Produit_C;35;83.61;2926.35;2023-11-19
Alice;Sud;Produit_C;46;71.23;3276.5800000000004;2023-11-20
Alice;Ouest;Produit_B;14;72.86;1020.04;2023-11-21
Alice;Sud;Produit_B;36;48.86;1758.96;2023-11-22
Charlie;Est;Produit_B;12;92.49;1109.8799999999999;2023-11-23
Evan;Nord;Produit_C;17;70.99;1206.83;2023-11-24
Bob;Est;Produit_C;39;74.25;2895.75;2023-11-25
Bob;Nord;Produit_A;9;86.86;781.74;2023-11-26
Charlie;Ouest;Produit_A;35;31.04;1086.3999999999999;2023-11-27
Bob;Est;Produit_C;13;81.67;1061.71;2023-11-28
Alice;Sud;Produit_C;15;23.55;353.25;2023-11-29
Evan;Nord;Produit_C;18;37.81;680.58;2023-11-30
Diana;Nord;Produit_C;33;36.88;1217.0400000000002;2023-12-01
Bob;Est;Produit_A;6;97.96;587.76;2023-12-02
Alice;Ouest;Produit_C;27;86.37;2331.9900000000002;2023-12-03
Diana;Est;Produit_A;23;71.61;1647.03;2023-12-04
Evan;Ouest;Produit_C;27;74.07;1999.8899999999999;2023-12-05
Diana;Ouest;Produit_C;34;58.4;1985.6;2023-12-06
Alice;Nord;Produit_C;46;94.97;4368.62;2023-12-07
Diana;Est;Produit_A;38;52.14;1981.32;2023-12-08
Charlie;Est;Produit_A;14;41.15;576.1;2023-12-09
Diana;Ouest;Produit_B;36;20.49;737.64;2023-12-10
Bob;Est;Produit_C;8;79.69;637.52;2023-12-11
Bob;Sud;Produit_B;35;74.77;2616.95;2023-12-12
Charlie;Sud;Produit_B;19;41.51;788.6899999999999;2023-12-13
Alice;Est;Produit_A;30;7.39;221.7;2023-12-14
Bob;Est;Produit_A;14;84.7;1185.8;2023-12-15
Evan;Ouest;Produit_B;20;6.08;121.6;2023-12-16
Bob;Sud;Produit_C;49;71.85;3520.6499999999996;2023-12-17
Bob;Sud;Produit_A;25;97.17;2429.25;2023-12-18
Alice;Nord;Produit_C;40;46.58;1863.1999999999998;2023-12-19
Diana;Ouest;Produit_C;24;27.32;655.6800000000001;2023-12-20
Bob;Nord;Produit_B;14;71.96;1007.4399999999999;2023-12-21
Charlie;Sud;Produit_B;26;82.63;2148.38;2023-12-22
Diana;Ouest;Produit_B;38;56.91;2162.58;2023-12-23
Evan;Est;Produit_B;23;96.87;2228.01;2023-12-24
Alice;Ouest;Produit_A;22;9.91;218.02;2023-12-25
Evan;Est;Produit_A;48;52.96;2542.08;2023-12-26
Diana;Est;Produit_B;19;73.25;1391.75;2023-12-27
Diana;Ouest;Produit_A;46;86.95;3999.7000000000003;2023-12-28
Diana;Est;Produit_B;3;22.03;66.09;2023-12-29
Evan;Nord;Produit_C;42;81.0;3402.0;2023-12-30
Diana;Sud;Produit_C;19;57.51;1092.69;2023-12-31
Evan;Est;Produit_C;9;42.67;384.03000000000003;2024-01-01
Diana;Nord;Produit_B;28;17.51;490.28000000000003;2024-01-02
Charlie;Est;Produit_C;20;87.2;1744.0;2024-01-03
Diana;Sud;Produit_A;45;19.94;897.3000000000001;2024-01-04
Evan;Nord;Produit_C;7;34.43;241.01;2024-01-05
Bob;Sud;Produit_C;14;32.55;455.69999999999993;2024-01-06
Diana;Sud;Produit_C;9;87.78;790.02;2024-01-07
Bob;Nord;Produit_A;19;68.91;1309.29;2024-01-08
Charlie;Nord;Produit_B;47;80.68;3791.9600000000005;2024-01-09
Alice;Nord;Produit_A;14;28.79;403.06;2024-01-10
Charlie;Ouest;Produit_B;38;64.36;2445.68;2024-01-11
Diana;Nord;Produit_B;36;59.32;2135.52;2024-01-12
Bob;Nord;Produit_C;40;84.12;3364.8;2024-01-13
Bob;Nord;Produit_B;17;91.08;1548.36;2024-01-14
Evan;Nord;Produit_A;30;6.15;184.5;2024-01-15
Bob;Est;Produit_A;9;69.03;621.27;2024-01-16
Evan;Ouest;Produit_B;33;9.92;327.36;2024-01-17
Alice;Sud;Produit_C;25;57.14;1428.5;2024-01-18
Diana;Nord;Produit_C;14;32.33;452.62;2024-01-19
Evan;Est;Produit_A;11;34.14;375.54;2024-01-20
Alice;Est;Produit_C;35;38.53;1348.55;2024-01-21
Bob;Est;Produit_B;41;64.02;2624.8199999999997;2024-01-22
Bob;Sud;Produit_B;14;36.73;514.2199999999999;2024-01-23
Alice;Nord;Produit_A;30;74.61;2238.3;2024-01-24
Bob;Ouest;Produit_B;41;43.43;1780.6299999999999;2024-01-25
Alice;Ouest;Produit_A;4;11.49;45.96;2024-01-26
Evan;Est;Produit_B;4;79.46;317.84;2024-01-27
Evan;Sud;Produit_A;28;32.15;900.1999999999999;2024-01-28
Alice;Sud;Produit_C;8;46.11;368.88;2024-01-29
Evan;Sud;Produit_B;2;70.12;140.24;2024-01-30
Evan;Ouest;Produit_B;41;36.58;1499.78;2024-01-31
Evan;Est;Produit_A;46;10.38;477.48;2024-02-01
Charlie;Nord;Produit_A;22;40.52;891.44;2024-02-02
Diana;Ouest;Produit_B;41;94.72;3883.52;2024-02-03
Bob;Est;Produit_A;16;65.96;1055.36;2024-02-04
Charlie;Est;Produit_B;29;68.79;1994.91;2024-02-05
Evan;Nord;Produit_C;49;65.07;3188.43;2024-02-06
Alice;Nord;Produit_A;48;23.9;1147.1999999999998;2024-02-07
Evan;Nord;Produit_B;30;44.74;1342.2;2024-02-08
Diana;Sud;Produit_C;12;76.34;916.08;2024-02-09
Evan;Nord;Produit_C;35;14.63;512.0500000000001;2024-02-10
Alice;Est;Produit_B;11;31.4;345.4;2024-02-11
Diana;Nord;Produit_A;46;31.25;1437.5;2024-02-12
Evan;Est;Produit_B;21;46.04;966.84;2024-02-13
Diana;Ouest;Produit_C;21;98.14;2060.94;2024-02-14
Bob;Sud;Produit_B;5;11.41;57.05;2024-02-15
Bob;Ouest;Produit_A;48;54.28;2605.44;2024-02-16
Evan;Ouest;Produit_C;20;22.04;440.79999999999995;2024-02-17
Diana;Est;Produit_B;37;97.21;3596.77;2024-02-18
Alice;Ouest;Produit_A;3;15.76;47.28;2024-02-19
Evan;Est;Produit_C;44;43.34;1906.96;2024-02-20
Bob;Nord;Produit_A;33;75.1;2478.2999999999997;2024-02-21
Bob;Nord;Produit_C;9;71.93;647.3700000000001;2024-02-22
Evan;Est;Produit_B;9;45.16;406.43999999999994;2024-02-23
Diana;Nord;Produit_A;4;37.92;151.68;2024-02-24
Bob;Sud;Produit_C;35;42.77;1496.95;2024-02-25
Diana;Ouest;Produit_A;17;30.11;511.87;2024-02-26
Bob;Sud;Produit_A;34;24.51;833.34;2024-02-27
Bob;Ouest;Produit_B;24;50.89;1221.3600000000001;2024-02-28
Charlie;Nord;Produit_A;32;30.51;976.32;2024-02-29
Bob;Sud;Produit_C;1;32.31;32.31;2024-03-01
Alice;Nord;Produit_C;8;67.39;539.12;2024-03-02
Evan;Ouest;Produit_C;45;97.01;4365.45;2024-03-03
Evan;Est;Produit_C;23;62.35;1434.05;2024-03-04
Diana;Est;Produit_B;47;12.31;578.57;2024-03-05
Bob;Sud;Produit_A;40;12.18;487.2;2024-03-06
Alice;Nord;Produit_B;12;95.39;1144.68;2024-03-07
Diana;Nord;Produit_A;12;33.24;398.88;2024-03-08
Charlie;Sud;Produit_A;46;13.75;632.5;2024-03-09
Diana;Est;Produit_A;47;61.91;2909.77;2024-03-10
Diana;Ouest;Produit_B;15;64.25;963.75;2024-03-11
Bob;Sud;Produit_A;41;66.61;2731.0099999999998;2024-03-12
Charlie;Ouest;Produit_B;19;30.4;577.6;2024-03-13
Diana;Est;Produit_C;26;6.44;167.44;2024-03-14
Alice;Nord;Produit_C;29;96.68;2803.7200000000003;2024-03-15
Alice;Est;Produit_A;22;28.83;634.26;2024-03-16
Evan;Sud;Produit_B;40;69.22;2768.8;2024-03-17
Charlie;Nord;Produit_C;21;72.13;1514.73;2024-03-18
Charlie;Sud;Produit_B;38;62.95;2392.1;2024-03-19
Evan;Sud;Produit_B;20;34.73;694.5999999999999;2024-03-20
Diana;Est;Produit_A;29;30.75;891.75;2024-03-21
Charlie;Sud;Produit_C;4;61.78;247.12;2024-03-22
Alice;Est;Produit_A;7;87.28;610.96;2024-03-23
Alice;Nord;Produit_A;28;94.94;2658.3199999999997;2024-03-24
Bob;Est;Produit_C;28;15.06;421.68;2024-03-25
Charlie;Nord;Produit_C;4;19.71;78.84;2024-03-26
Diana;Est;Produit_B;22;94.75;2084.5;2024-03-27
Evan;Ouest;Produit_C;12;74.97;899.64;2024-03-28
Evan;Ouest;Produit_B;45;88.88;3999.6;2024-03-29
Diana;Sud;Produit_B;3;24.25;72.75;2024-03-30
Bob;Est;Produit_B;22;60.82;1338.04;2024-03-31
Evan;Est;Produit_C;44;71.61;3150.84;2024-04-01
Charlie;Nord;Produit_A;2;69.61;139.22;2024-04-02
Bob;Sud;Produit_B;24;43.77;1050.48;2024-04-03
Charlie;Est;Produit_A;34;6.46;219.64;2024-04-04
Alice;Sud;Produit_A;27;60.38;1630.26;2024-04-05
Bob;Ouest;Produit_C;41;29.04;1190.6399999999999;2024-04-06
Evan;Est;Produit_A;1;47.77;47.77;2024-04-07
Bob;Est;Produit_A;8;95.97;767.76;2024-04-08
Bob;Sud;Produit_C;23;42.91;986.93;2024-04-09
Bob;Est;Produit_B;38;84.78;3221.64;2024-04-10
Bob;Sud;Produit_A;6;22.91;137.46;2024-04-11
Charlie;Est;Produit_C;22;68.88;1515.36;2024-04-12
Alice;Nord;Produit_A;25;97.82;2445.5;2024-04-13
Diana;Sud;Produit_A;18;14.68;264.24;2024-04-14
Bob;Est;Produit_B;17;5.79;98.43;2024-04-15
Evan;Ouest;Produit_A;12;46.19;554.28;2024-04-16
Bob;Est;Produit_C;6;13.8;82.80000000000001;2024-04-17
Evan;Ouest;Produit_A;26;76.1;1978.6;2024-04-18
Charlie;Ouest;Produit_B;27;91.88;2480.7599999999998;2024-04-19
Evan;Nord;Produit_B;8;46.23;369.84;2024-04-20
Diana;Sud;Produit_C;19;29.58;562.02;2024-04-21
Alice;Est;Produit_B;42;46.27;1943.3400000000001;2024-04-22
Evan;Nord;Produit_A;1;73.73;73.73;2024-04-23
Evan;Est;Produit_B;29;5.86;169.94;2024-04-24
Alice;Ouest;Produit_C;45;61.0;2745.0;2024-04-25
Diana;Sud;Produit_B;49;63.26;3099.74;2024-04-26
Bob;Est;Produit_B;35;65.58;2295.2999999999997;2024-04-27
Evan;Est;Produit_B;40;27.99;1119.6;2024-04-28
Alice;Ouest;Produit_C;14;72.84;1019.76;2024-04-29
Charlie;Est;Produit_B;35;13.68;478.8;2024-04-30
Alice;Est;Produit_B;48;23.93;1148.6399999999999;2024-05-01
Charlie;Ouest;Produit_A;45;88.36;3976.2;2024-05-02
Diana;Nord;Produit_C;20;75.18;1503.6000000000001;2024-05-03
Bob;Ouest;Produit_B;49;6.31;309.19;2024-05-04
Alice;Nord;Produit_C;13;28.6;371.8;2024-05-05
Evan;Sud;Produit_B;38;25.37;964.0600000000001;2024-05-06
Diana;Nord;Produit_B;49;30.73;1505.77;2024-05-07
Alice;Nord;Produit_B;46;28.52;1311.92;2024-05-08
Evan;Sud;Produit_A;49;10.94;536.06;2024-05-09
Alice;Nord;Produit_A;8;48.6;388.8;2024-05-10
Charlie;Ouest;Produit_A;43;74.61;3208.23;2024-05-11
Alice;Nord;Produit_C;20;62.64;1252.8;2024-05-12
Alice;Sud;Produit_C;33;68.92;2274.36;2024-05-13
Alice;Ouest;Produit_A;26;12.71;330.46000000000004;2024-05-14
Diana;Sud;Produit_C;39;95.39;3720.21;2024-05-15
Alice;Sud;Produit_B;21;84.66;1777.86;2024-05-16
Evan;Est;Produit_B;49;81.48;3992.52;2024-05-17
Charlie;Est;Produit_B;42;83.18;3493.5600000000004;2024-05-18
Charlie;Sud;Produit_A;43;93.61;4025.23;2024-05-19
Alice;Sud;Produit_C;41;56.7;2324.7000000000003;2024-05-20
Diana;Sud;Produit_A;9;24.03;216.27;2024-05-21
Diana;Est;Produit_C;24;63.59;1526.16;2024-05-22
Evan;Est;Produit_B;37;75.57;2796.0899999999997;2024-05-23
Alice;Nord;Produit_A;49;75.1;3679.8999999999996;2024-05-24
Charlie;Nord;Produit_C;41;54.54;2236.14;2024-05-25
Diana;Sud;Produit_C;17;11.5;195.5;2024-05-26
Alice;Ouest;Produit_B;24;40.26;966.24;2024-05-27
Diana;Ouest;Produit_A;21;92.47;1941.87;2024-05-28
Diana;Est;Produit_A;39;60.52;2360.28;2024-05-29
Charlie;Est;Produit_A;41;56.14;2301.7400000000002;2024-05-30
Bob;Est;Produit_B;39;30.54;1191.06;2024-05-31
Evan;Sud;Produit_A;13;40.0;520.0;2024-06-01
Evan;Ouest;Produit_B;11;90.06;990.6600000000001;2024-06-02
Charlie;Nord;Produit_B;46;68.31;3142.26;2024-06-03
Diana;Sud;Produit_B;19;79.8;1516.2;2024-06-04
Alice;Nord;Produit_C;11;48.16;529.76;2024-06-05
Diana;Nord;Produit_A;13;64.87;843.3100000000001;2024-06-06
Charlie;Sud;Produit_A;46;28.6;1315.6000000000001;2024-06-07
Evan;Nord;Produit_B;45;72.02;3240.8999999999996;2024-06-08
Diana;Ouest;Produit_B;1;45.62;45.62;2024-06-09
Evan;Nord;Produit_A;40;47.04;1881.6;2024-06-10
Alice;Ouest;Produit_B;44;66.69;2934.3599999999997;2024-06-11
Evan;Ouest;Produit_A;19;93.95;1785.05;2024-06-12
Evan;Ouest;Produit_C;12;11.08;132.96;2024-06-13
Bob;Est;Produit_B;8;83.35;666.8;2024-06-14
Bob;Nord;Produit_A;8;32.78;262.24;2024-06-15
Bob;Sud;Produit_B;45;47.17;2122.65;2024-06-16
Evan;Sud;Produit_A;12;7.08;84.96000000000001;2024-06-17
Charlie;Nord;Produit_A;48;33.6;1612.8000000000002;2024-06-18
Evan;Est;Produit_B;33;52.75;1740.75;2024-06-19
Charlie;Est;Produit_C;45;10.34;465.3;2024-06-20
Charlie;Ouest;Produit_A;26;51.65;1342.8999999999999;2024-06-21
Bob;Nord;Produit_A;39;93.08;3630.12;2024-06-22
Diana;Nord;Produit_A;28;15.01;420.28;2024-06-23
Alice;Sud;Produit_C;5;77.62;388.1;2024-06-24
Bob;Nord;Produit_C;8;43.92;351.36;2024-06-25
Bob;Est;Produit_B;25;67.24;1680.9999999999998;2024-06-26
Diana;Nord;Produit_C;27;29.72;802.4399999999999;2024-06-27
Alice;Sud;Produit_B;46;20.15;926.9;2024-06-28
Evan;Ouest;Produit_B;23;20.24;465.52;2024-06-29
Evan;Sud;Produit_C;30;11.7;351.0;2024-06-30
Bob;Sud;Produit_B;45;22.64;1018.8000000000001;2024-07-01
Alice;Ouest;Produit_C;47;68.1;3200.7;2024-07-02
Bob;Sud;Produit_B;23;88.76;2041.48;2024-07-03
Charlie;Sud;Produit_C;49;82.34;4034.6600000000003;2024-07-04
Bob;Nord;Produit_C;47;70.09;3294.23;2024-07-05
Bob;Nord;Produit_B;20;15.49;309.8;2024-07-06
Evan;Ouest;Produit_A;18;32.47;584.46;2024-07-07
Evan;Nord;Produit_B;18;34.43;619.74;2024-07-08
Evan;Nord;Produit_C;2;28.75;57.5;2024-07-09
Charlie;Sud;Produit_A;4;53.93;215.72;2024-07-10
Evan;Est;Produit_B;30;55.88;1676.4;2024-07-11
Alice;Nord;Produit_B;33;38.9;1283.7;2024-07-12
Diana;Est;Produit_B;36;38.61;1389.96;2024-07-13
Alice;Nord;Produit_A;18;83.71;1506.78;2024-07-14
Alice;Nord;Produit_C;37;79.98;2959.26;2024-07-15
Evan;Ouest;Produit_B;19;34.24;650.5600000000001;2024-07-16
Diana;Ouest;Produit_B;47;91.81;4315.07;2024-07-17
Diana;Ouest;Produit_B;28;95.52;2674.56;2024-07-18
Diana;Est;Produit_B;40;36.04;1441.6;2024-07-19
Charlie;Sud;Produit_B;20;38.67;773.4000000000001;2024-07-20
Evan;Nord;Produit_C;49;53.04;2598.96;2024-07-21
Diana;Nord;Produit_C;33;94.41;3115.5299999999997;2024-07-22
Charlie;Nord;Produit_B;12;88.25;1059.0;2024-07-23
Bob;Est;Produit_A;15;14.74;221.1;2024-07-24
Bob;Ouest;Produit_C;41;42.31;1734.71;2024-07-25
Charlie;Sud;Produit_A;39;57.57;2245.23;2024-07-26
Charlie;Est;Produit_C;2;52.8;105.6;2024-07-27
Evan;Ouest;Produit_B;29;23.42;679.1800000000001;2024-07-28
Evan;Est;Produit_C;41;86.59;3550.19;2024-07-29
Bob;Sud;Produit_B;10;69.31;693.1;2024-07-30
Diana;Ouest;Produit_C;2;84.6;169.2;2024-07-31
Bob;Est;Produit_B;11;86.58;952.38;2024-08-01
Diana;Sud;Produit_B;13;76.09;989.1700000000001;2024-08-02
Diana;Nord;Produit_B;10;46.73;467.29999999999995;2024-08-03
Evan;Sud;Produit_B;14;63.0;882.0;2024-08-04
Alice;Nord;Produit_A;18;20.23;364.14;2024-08-05
Alice;Est;Produit_B;9;69.0;621.0;2024-08-06
Charlie;Ouest;Produit_A;39;22.03;859.1700000000001;2024-08-07
Evan;Ouest;Produit_A;28;70.93;1986.0400000000002;2024-08-08
Diana;Est;Produit_B;3;26.81;80.42999999999999;2024-08-09
Alice;Ouest;Produit_A;20;16.17;323.40000000000003;2024-08-10
Diana;Ouest;Produit_C;6;20.7;124.19999999999999;2024-08-11
Alice;Nord;Produit_B;27;5.19;140.13000000000002;2024-08-12
Alice;Est;Produit_A;2;73.28;146.56;2024-08-13
Alice;Sud;Produit_B;29;74.58;2162.82;2024-08-14
Evan;Nord;Produit_B;38;53.92;2048.96;2024-08-15
Bob;Est;Produit_B;3;20.33;60.989999999999995;2024-08-16
Diana;Nord;Produit_A;16;12.94;207.04;2024-08-17
Evan;Sud;Produit_C;30;6.82;204.60000000000002;2024-08-18
Evan;Sud;Produit_C;40;20.75;830.0;2024-08-19
Evan;Est;Produit_A;2;89.63;179.26;2024-08-20
Evan;Sud;Produit_B;17;27.95;475.15;2024-08-21
Evan;Nord;Produit_A;41;38.66;1585.06;2024-08-22
Charlie;Sud;Produit_A;12;15.01;180.12;2024-08-23
Diana;Nord;Produit_A;35;26.12;914.2;2024-08-24
Evan;Nord;Produit_B;43;54.33;2336.19;2024-08-25
Diana;Sud;Produit_A;1;62.74;62.74;2024-08-26
Charlie;Est;Produit_B;45;28.31;1273.95;2024-08-27
Charlie;Ouest;Produit_A;15;10.48;157.20000000000002;2024-08-28
Diana;Sud;Produit_C;26;42.15;1095.8999999999999;2024-08-29
Alice;Nord;Produit_A;37;27.25;1008.25;2024-08-30
Bob;Nord;Produit_A;21;25.86;543.06;2024-08-31
Alice;Sud;Produit_C;49;96.19;4713.3099999999995;2024-09-01
Alice;Est;Produit_B;31;63.55;1970.05;2024-09-02
Alice;Est;Produit_B;25;57.9;1447.5;2024-09-03
Evan;Nord;Produit_A;23;44.5;1023.5;2024-09-04
Charlie;Nord;Produit_C;24;45.75;1098.0;2024-09-05
Alice;Est;Produit_B;38;56.39;2142.82;2024-09-06
Charlie;Ouest;Produit_A;28;71.16;1992.48;2024-09-07
Diana;Sud;Produit_C;21;71.7;1505.7;2024-09-08
Bob;Nord;Produit_B;43;21.31;916.3299999999999;2024-09-09
Diana;Nord;Produit_B;18;52.51;945.18;2024-09-10
Diana;Est;Produit_C;36;44.14;1589.04;2024-09-11
Evan;Sud;Produit_C;35;87.7;3069.5;2024-09-12
Bob;Est;Produit_C;45;64.98;2924.1000000000004;2024-09-13
Diana;Sud;Produit_C;9;55.59;500.31000000000006;2024-09-14
Diana;Sud;Produit_A;38;15.96;606.48;2024-09-15
Bob;Sud;Produit_C;30;62.54;1876.2;2024-09-16
Bob;Nord;Produit_B;44;16.13;709.7199999999999;2024-09-17
Diana;Ouest;Produit_B;34;37.03;1259.02;2024-09-18
Bob;Est;Produit_A;32;18.57;594.24;2024-09-19
Diana;Ouest;Produit_B;3;70.75;212.25;2024-09-20
Diana;Est;Produit_B;3;24.59;73.77;2024-09-21
Evan;Sud;Produit_C;28;42.23;1182.4399999999998;2024-09-22
Alice;Nord;Produit_B;44;90.09;3963.96;2024-09-23
Diana;Ouest;Produit_A;15;24.41;366.15;2024-09-24
Charlie;Nord;Produit_C;41;53.24;2182.84;2024-09-25
Alice;Est;Produit_C;23;44.83;1031.09;2024-09-26
Alice;Nord;Produit_A;40;6.72;268.8;2024-09-27
Alice;Nord;Produit_C;11;80.31;883.4100000000001;2024-09-28
Evan;Ouest;Produit_C;48;11.56;554.88;2024-09-29
Diana;Sud;Produit_A;32;50.05;1601.6;2024-09-30
Evan;Nord;Produit_C;36;58.26;2097.36;2024-10-01
Diana;Sud;Produit_A;33;64.7;2135.1;2024-10-02
Evan;Est;Produit_A;24;70.42;1690.08;2024-10-03
Evan;Nord;Produit_B;39;29.06;1133.34;2024-10-04
Charlie;Ouest;Produit_B;34;5.95;202.3;2024-10-05
Evan;Est;Produit_C;28;73.73;2064.44;2024-10-06
Bob;Est;Produit_C;37;55.89;2067.93;2024-10-07
Charlie;Ouest;Produit_A;7;84.43;591.01;2024-10-08
Evan;Nord;Produit_C;4;83.03;332.12;2024-10-09
Alice;Nord;Produit_A;37;85.12;3149.44;2024-10-10
Bob;Est;Produit_A;1;51.08;51.08;2024-10-11
Bob;Nord;Produit_C;1;36.69;36.69;2024-10-12
Bob;Sud;Produit_A;47;80.2;3769.4;2024-10-13
Charlie;Ouest;Produit_B;20;47.87;957.4;2024-10-14
Evan;Sud;Produit_C;19;22.43;426.17;2024-10-15
Evan;Nord;Produit_B;29;86.22;2500.38;2024-10-16
Alice;Est;Produit_C;10;88.84;888.4000000000001;2024-10-17
Alice;Ouest;Produit_A;18;49.3;887.4;2024-10-18
Bob;Nord;Produit_C;28;12.19;341.32;2024-10-19
Alice;Nord;Produit_B;35;41.84;1464.4;2024-10-20
Charlie;Est;Produit_A;43;81.34;3497.6200000000003;2024-10-21
Evan;Est;Produit_C;47;90.67;4261.49;2024-10-22
Bob;Sud;Produit_C;31;24.33;754.2299999999999;2024-10-23
Alice;Ouest;Produit_C;27;11.36;306.71999999999997;2024-10-24
Charlie;Ouest;Produit_B;11;88.35;971.8499999999999;2024-10-25
Charlie;Est;Produit_B;49;41.99;2057.51;2024-10-26
Alice;Sud;Produit_C;49;56.47;2767.0299999999997;2024-10-27
Evan;Ouest;Produit_A;38;96.97;3684.86;2024-10-28
Alice;Est;Produit_A;5;11.32;56.6;2024-10-29
Bob;Nord;Produit_B;8;66.59;532.72;2024-10-30
Alice;Ouest;Produit_A;34;12.04;409.35999999999996;2024-10-31
Charlie;Sud;Produit_B;48;40.67;1952.16;2024-11-01
Alice;Sud;Produit_C;12;81.36;976.3199999999999;2024-11-02
Evan;Sud;Produit_B;38;46.18;1754.84;2024-11-03
Diana;Nord;Produit_B;1;99.73;99.73;2024-11-04
Alice;Ouest;Produit_C;31;58.11;1801.41;2024-11-05
Evan;Ouest;Produit_A;4;35.51;142.04;2024-11-06
Evan;Nord;Produit_B;49;25.91;1269.59;2024-11-07
Charlie;Ouest;Produit_B;45;38.3;1723.4999999999998;2024-11-08
Evan;Nord;Produit_C;5;40.39;201.95;2024-11-09
Evan;Nord;Produit_A;30;11.53;345.9;2024-11-10
Evan;Nord;Produit_B;24;40.11;962.64;2024-11-11
Evan;Sud;Produit_C;3;49.1;147.3;2024-11-12
Bob;Ouest;Produit_B;11;73.66;810.26;2024-11-13
Bob;Nord;Produit_C;45;67.39;3032.55;2024-11-14
Charlie;Ouest;Produit_A;4;72.33;289.32;2024-11-15
Alice;Sud;Produit_A;26;5.79;150.54;2024-11-16
Evan;Nord;Produit_A;27;25.68;693.36;2024-11-17
Alice;Est;Produit_A;46;67.86;3121.56;2024-11-18
Alice;Sud;Produit_B;43;50.98;2192.14;2024-11-19
Charlie;Est;Produit_B;27;5.5;148.5;2024-11-20
Evan;Ouest;Produit_A;42;81.43;3420.0600000000004;2024-11-21
Evan;Ouest;Produit_A;6;78.42;470.52;2024-11-22
Diana;Sud;Produit_A;15;57.1;856.5;2024-11-23
Alice;Ouest;Produit_B;30;11.31;339.3;2024-11-24
Alice;Est;Produit_A;42;77.82;3268.4399999999996;2024-11-25
Bob;Nord;Produit_A;37;60.45;2236.65;2024-11-26
Diana;Nord;Produit_A;37;79.29;2933.73;2024-11-27
Bob;Nord;Produit_C;42;76.42;3209.64;2024-11-28
Bob;Sud;Produit_A;37;81.29;3007.73;2024-11-29
Bob;Ouest;Produit_C;35;54.21;1897.3500000000001;2024-11-30
Charlie;Est;Produit_C;23;18.33;421.59;2024-12-01
Charlie;Ouest;Produit_A;6;68.76;412.56000000000006;2024-12-02
Bob;Ouest;Produit_C;4;63.95;255.8;2024-12-03
Diana;Ouest;Produit_A;18;75.51;1359.18;2024-12-04
Alice;Nord;Produit_B;9;21.14;190.26;2024-12-05
Diana;Est;Produit_B;49;23.52;1152.48;2024-12-06
Evan;Est;Produit_B;29;89.59;2598.11;2024-12-07
Charlie;Ouest;Produit_B;13;76.25;991.25;2024-12-08
Alice;Nord;Produit_C;47;91.28;4290.16;2024-12-09
Alice;Nord;Produit_A;17;77.08;1310.36;2024-12-10
Evan;Est;Produit_A;45;61.73;2777.85;2024-12-11
Evan;Nord;Produit_A;32;67.14;2148.48;2024-12-12
Bob;Nord;Produit_B;48;89.47;4294.5599999999995;2024-12-13
Charlie;Nord;Produit_B;22;59.99;1319.78;2024-12-14
Charlie;Sud;Produit_A;4;65.08;260.32;2024-12-15
Diana;Ouest;Produit_B;5;19.87;99.35000000000001;2024-12-16
Bob;Est;Produit_A;37;50.02;1850.74;2024-12-17
Bob;Est;Produit_A;41;73.06;2995.46;2024-12-18
Bob;Sud;Produit_A;49;30.74;1506.26;2024-12-19
Bob;Ouest;Produit_A;13;24.21;314.73;2024-12-20
Charlie;Est;Produit_A;34;34.81;1183.54;2024-12-21
Charlie;Nord;Produit_A;45;27.94;1257.3;2024-12-22
Bob;Est;Produit_A;22;25.42;559.24;2024-12-23
Diana;Nord;Produit_B;23;45.36;1043.28;2024-12-24
Alice;Sud;Produit_A;3;91.24;273.71999999999997;2024-12-25
Alice;Nord;Produit_A;42;53.17;2233.14;2024-12-26
Diana;Est;Produit_B;34;22.85;776.9000000000001;2024-12-27
Bob;Est;Produit_B;32;12.31;393.92;2024-12-28
Charlie;Est;Produit_B;45;71.13;3200.85;2024-12-29
Alice;Sud;Produit_A;49;41.37;2027.1299999999999;2024-12-30
Evan;Sud;Produit_C;21;83.07;1744.4699999999998;2024-12-31
Evan;Ouest;Produit_C;46;67.65;3111.9;2025-01-01
Diana;Est;Produit_B;44;80.64;3548.16;2025-01-02
Bob;Nord;Produit_C;21;30.83;647.43;2025-01-03
Alice;Sud;Produit_B;44;70.77;3113.8799999999997;2025-01-04
Bob;Est;Produit_A;11;30.09;330.99;2025-01-05
Alice;Est;Produit_C;39;94.21;3674.1899999999996;2025-01-06
Diana;Sud;Produit_A;4;65.46;261.84;2025-01-07
Diana;Ouest;Produit_C;1;35.83;35.83;2025-01-08
Evan;Sud;Produit_A;28;30.6;856.8000000000001;2025-01-09
Bob;Sud;Produit_C;24;23.14;555.36;2025-01-10
Evan;Nord;Produit_A;35;70.99;2484.6499999999996;2025-01-11
Bob;Nord;Produit_A;13;25.78;335.14;2025-01-12
Evan;Ouest;Produit_C;47;61.55;2892.85;2025-01-13
Charlie;Est;Produit_A;34;30.14;1024.76;2025-01-14
Charlie;Sud;Produit_A;11;67.89;746.79;2025-01-15
Charlie;Ouest;Produit_A;36;82.42;2967.12;2025-01-16
Charlie;Nord;Produit_C;17;78.91;1341.47;2025-01-17
Alice;Sud;Produit_C;35;77.28;2704.8;2025-01-18
Charlie;Est;Produit_A;18;22.83;410.93999999999994;2025-01-19
Diana;Nord;Produit_A;40;13.4;536.0;2025-01-20
Diana;Nord;Produit_C;22;71.4;1570.8000000000002;2025-01-21
Alice;Nord;Produit_C;24;39.99;959.76;2025-01-22
Charlie;Ouest;Produit_A;19;46.07;875.33;2025-01-23
Charlie;Est;Produit_A;37;7.96;294.52;2025-01-24
Charlie;Sud;Produit_A;39;29.66;1156.74;2025-01-25
Evan;Ouest;Produit_B;21;8.2;172.2;2025-01-26
Bob;Ouest;Produit_C;8;88.52;708.16;2025-01-27
Evan;Ouest;Produit_B;28;28.12;787.36;2025-01-28
Bob;Nord;Produit_C;5;57.95;289.75;2025-01-29
Charlie;Est;Produit_C;17;8.7;147.89999999999998;2025-01-30
Charlie;Ouest;Produit_C;37;68.35;2528.95;2025-01-31
Evan;Sud;Produit_C;36;35.69;1284.84;2025-02-01
Evan;Est;Produit_C;19;90.3;1715.7;2025-02-02
Bob;Sud;Produit_C;27;89.37;2412.9900000000002;2025-02-03
Diana;Est;Produit_C;34;35.9;1220.6;2025-02-04
Bob;Sud;Produit_B;11;90.59;996.49;2025-02-05
Evan;Nord;Produit_A;45;99.63;4483.349999999999;2025-02-06
Evan;Ouest;Produit_A;47;83.41;3920.27;2025-02-07
Alice;Sud;Produit_B;12;85.26;1023.1200000000001;2025-02-08
Evan;Est;Produit_B;21;28.66;601.86;2025-02-09
Alice;Ouest;Produit_B;11;59.79;657.6899999999999;2025-02-10
Diana;Ouest;Produit_B;39;11.39;444.21000000000004;2025-02-11
Bob;Est;Produit_C;28;14.02;392.56;2025-02-12
Bob;Sud;Produit_A;5;99.89;499.45;2025-02-13
Alice;Nord;Produit_C;17;36.03;612.51;2025-02-14
Bob;Nord;Produit_A;20;76.08;1521.6;2025-02-15
Evan;Sud;Produit_A;41;81.63;3346.83;2025-02-16
Charlie;Ouest;Produit_B;46;86.51;3979.46;2025-02-17
Alice;Ouest;Produit_C;12;99.77;1197.24;2025-02-18
Bob;Ouest;Produit_B;6;27.94;167.64000000000001;2025-02-19
Alice;Ouest;Produit_C;17;8.83;150.11;2025-02-20
Alice;Sud;Produit_A;19;44.06;837.1400000000001;2025-02-21
Charlie;Ouest;Produit_B;26;17.36;451.36;2025-02-22
Evan;Est;Produit_B;48;7.13;342.24;2025-02-23
Alice;Ouest;Produit_A;44;39.24;1726.5600000000002;2025-02-24
Bob;Nord;Produit_A;44;79.46;3496.24;2025-02-25
Diana;Ouest;Produit_A;32;58.79;1881.28;2025-02-26
Alice;Sud;Produit_B;6;34.71;208.26;2025-02-27
Alice;Nord;Produit_C;36;67.16;2417.7599999999998;2025-02-28
Charlie;Sud;Produit_B;38;27.04;1027.52;2025-03-01
Evan;Sud;Produit_C;11;6.37;70.07000000000001;2025-03-02
Diana;Nord;Produit_B;33;77.61;2561.13;2025-03-03
Bob;Sud;Produit_B;24;64.26;1542.2400000000002;2025-03-04
Diana;Sud;Produit_A;23;77.42;1780.66;2025-03-05
Bob;Ouest;Produit_C;15;8.7;130.5;2025-03-06
Evan;Est;Produit_B;27;84.53;2282.31;2025-03-07
Bob;Sud;Produit_B;11;63.85;702.35;2025-03-08
Charlie;Sud;Produit_A;17;58.52;994.84;2025-03-09
Charlie;Sud;Produit_A;14;64.34;900.76;2025-03-10
Charlie;Ouest;Produit_C;27;87.12;2352.2400000000002;2025-03-11
Charlie;Est;Produit_B;18;60.76;1093.68;2025-03-12
Diana;Nord;Produit_C;28;60.19;1685.32;2025-03-13
Evan;Ouest;Produit_B;47;99.11;4658.17;2025-03-14
Bob;Ouest;Produit_C;47;76.89;3613.83;2025-03-15
Bob;Est;Produit_A;4;47.02;188.08;2025-03-16
Charlie;Est;Produit_B;7;72.2;505.40000000000003;2025-03-17
Charlie;Ouest;Produit_C;45;41.98;1889.1;2025-03-18
Alice;Nord;Produit_A;35;26.74;935.9;2025-03-19
Evan;Ouest;Produit_A;48;61.7;2961.6000000000004;2025-03-20
Diana;Est;Produit_C;9;93.18;838.6200000000001;2025-03-21
Bob;Nord;Produit_B;8;93.27;746.16;2025-03-22
Alice;Est;Produit_B;45;37.48;1686.6;2025-03-23
Alice;Nord;Produit_A;17;55.13;937.21;2025-03-24
Bob;Sud;Produit_B;17;25.11;426.87;2025-03-25
Diana;Est;Produit_B;49;99.58;4879.42;2025-03-26
Alice;Est;Produit_B;33;98.21;3240.93;2025-03-27
Alice;Ouest;Produit_A;32;66.7;2134.4;2025-03-28
Evan;Est;Produit_C;8;81.42;651.36;2025-03-29
Diana;Est;Produit_B;19;72.93;1385.67;2025-03-30
Alice;Sud;Produit_A;38;61.35;2331.3;2025-03-31
Diana;Est;Produit_A;3;10.07;30.21;2025-04-01
Bob;Sud;Produit_C;5;48.2;241.0;2025-04-02
Charlie;Sud;Produit_B;13;69.1;898.3;2025-04-03
Alice;Sud;Produit_B;47;69.37;3260.3900000000003;2025-04-04
Evan;Sud;Produit_C;46;40.45;1860.7;2025-04-05
Bob;Nord;Produit_C;31;94.46;2928.2599999999998;2025-04-06
Diana;Ouest;Produit_A;16;20.9;334.4;2025-04-07
Bob;Nord;Produit_A;32;52.53;1680.96;2025-04-08
Alice;Est;Produit_C;22;70.63;1553.86;2025-04-09
Diana;Nord;Produit_B;29;71.23;2065.67;2025-04-10
Charlie;Nord;Produit_A;22;66.62;1465.64;2025-04-11
Bob;Est;Produit_A;43;31.15;1339.45;2025-04-12
Alice;Est;Produit_B;3;19.84;59.519999999999996;2025-04-13
Evan;Est;Produit_A;10;65.41;654.0999999999999;2025-04-14
Diana;Nord;Produit_B;42;61.93;2601.06;2025-04-15
Bob;Nord;Produit_B;21;22.04;462.84;2025-04-16
Bob;Est;Produit_B;16;71.99;1151.84;2025-04-17
Charlie;Ouest;Produit_C;12;48.24;578.88;2025-04-18
Charlie;Ouest;Produit_C;2;68.44;136.88;2025-04-19
Evan;Sud;Produit_C;41;84.55;3466.5499999999997;2025-04-20
Evan;Est;Produit_B;24;21.12;506.88;2025-04-21
Alice;Sud;Produit_B;35;6.82;238.70000000000002;2025-04-22
Alice;Ouest;Produit_C;30;79.01;2370.3;2025-04-23
Evan;Sud;Produit_A;30;62.92;1887.6000000000001;2025-04-24
Evan;Est;Produit_B;47;71.47;3359.09;2025-04-25
Diana;Est;Produit_A;35;84.62;2961.7000000000003;2025-04-26
Charlie;Est;Produit_A;19;81.27;1544.1299999999999;2025-04-27
Alice;Nord;Produit_B;8;96.29;770.32;2025-04-28
Charlie;Sud;Produit_B;26;55.91;1453.6599999999999;2025-04-29
Charlie;Ouest;Produit_A;49;51.41;2519.0899999999997;2025-04-30
Evan;Ouest;Produit_A;40;43.18;1727.2;2025-05-01
Diana;Ouest;Produit_C;7;19.6;137.20000000000002;2025-05-02
Bob;Nord;Produit_C;30;59.4;1782.0;2025-05-03
Diana;Nord;Produit_B;7;31.32;219.24;2025-05-04
Diana;Est;Produit_C;3;92.52;277.56;2025-05-05
Charlie;Ouest;Produit_C;1;60.4;60.4;2025-05-06
Diana;Nord;Produit_C;36;61.32;2207.52;2025-05-07
Alice;Est;Produit_C;25;38.72;968.0;2025-05-08
Charlie;Ouest;Produit_A;37;9.94;367.78;2025-05-09
Alice;Sud;Produit_B;1;8.02;8.02;2025-05-10
Bob;Est;Produit_C;15;45.22;678.3;2025-05-11
Charlie;Nord;Produit_A;37;13.03;482.10999999999996;2025-05-12
Bob;Nord;Produit_A;13;62.65;814.4499999999999;2025-05-13
Charlie;Est;Produit_A;40;88.69;3547.6;2025-05-14
Evan;Est;Produit_C;8;88.88;711.04;2025-05-15
Diana;Nord;Produit_C;5;67.61;338.05;2025-05-16
Evan;Sud;Produit_B;9;25.07;225.63;2025-05-17
Bob;Ouest;Produit_C;1;86.98;86.98;2025-05-18
Diana;Sud;Produit_C;36;89.18;3210.4800000000005;2025-05-19
Charlie;Est;Produit_A;35;23.68;828.8;2025-05-20
Diana;Sud;Produit_B;2;75.06;150.12;2025-05-21
Alice;Nord;Produit_C;40;32.22;1288.8;2025-05-22
Diana;Est;Produit_C;23;81.25;1868.75;2025-05-23
Alice;Ouest;Produit_A;9;99.74;897.66;2025-05-24
Diana;Nord;Produit_A;34;7.85;266.9;2025-05-25
Alice;Nord;Produit_C;46;90.25;4151.5;2025-05-26
Bob;Ouest;Produit_B;14;64.15;898.1000000000001;2025-05-27
Evan;Ouest;Produit_B;4;97.47;389.88;2025-05-28
Charlie;Sud;Produit_A;30;49.18;1475.4;2025-05-29
Diana;Est;Produit_A;31;85.5;2650.5;2025-05-30
Evan;Ouest;Produit_C;38;10.93;415.34;2025-05-31
Charlie;Ouest;Produit_A;11;36.85;405.35;2025-06-01
Charlie;Est;Produit_C;35;11.37;397.95;2025-06-02
Alice;Ouest;Produit_B;8;97.66;781.28;2025-06-03
Bob;Ouest;Produit_B;3;82.61;247.82999999999998;2025-06-04
Bob;Sud;Produit_C;14;85.99;1203.86;2025-06-05
Evan;Nord;Produit_A;13;94.11;1223.43;2025-06-06
Bob;Nord;Produit_B;45;13.08;588.6;2025-06-07
Diana;Nord;Produit_A;32;41.63;1332.16;2025-06-08
Bob;Nord;Produit_B;34;11.75;399.5;2025-06-09
Evan;Ouest;Produit_C;45;25.03;1126.3500000000001;2025-06-10
Bob;Est;Produit_C;19;26.79;509.01;2025-06-11
Diana;Est;Produit_C;38;49.57;1883.66;2025-06-12
Alice;Sud;Produit_B;16;30.51;488.16;2025-06-13
Evan;Sud;Produit_A;2;14.59;29.18;2025-06-14
Alice;Ouest;Produit_A;40;20.91;836.4;2025-06-15
Alice;Est;Produit_A;17;18.99;322.83;2025-06-16
Alice;Est;Produit_B;34;97.44;3312.96;2025-06-17
Charlie;Nord;Produit_B;42;77.13;3239.46;2025-06-18
Charlie;Ouest;Produit_B;16;96.94;1551.04;2025-06-19
Alice;Ouest;Produit_B;38;46.78;1777.64;2025-06-20
Evan;Nord;Produit_B;2;31.45;62.9;2025-06-21
Diana;Ouest;Produit_A;2;80.84;161.68;2025-06-22
Diana;Ouest;Produit_B;26;35.99;935.74;2025-06-23
Bob;Sud;Produit_B;13;33.44;434.71999999999997;2025-06-24
Evan;Est;Produit_A;47;27.09;1273.23;2025-06-25
Charlie;Ouest;Produit_B;31;17.32;536.92;2025-06-26
Alice;Sud;Produit_A;34;29.36;998.24;2025-06-27
Bob;Est;Produit_A;39;38.76;1511.6399999999999;2025-06-28
Diana;Nord;Produit_C;3;69.03;207.09;2025-06-29
Charlie;Sud;Produit_C;8;10.94;87.52;2025-06-30
Charlie;Sud;Produit_C;23;25.0;575.0;2025-07-01
Alice;Est;Produit_C;14;81.86;1146.04;2025-07-02
Diana;Nord;Produit_B;27;18.96;511.92;2025-07-03
Evan;Sud;Produit_C;29;37.55;1088.9499999999998;2025-07-04
Charlie;Ouest;Produit_A;39;87.14;3398.46;2025-07-05
Alice;Ouest;Produit_B;39;19.72;769.0799999999999;2025-07-06
Evan;Ouest;Produit_C;1;12.86;12.86;2025-07-07
Diana;Nord;Produit_A;17;51.03;867.51;2025-07-08
Charlie;Sud;Produit_B;41;33.73;1382.9299999999998;2025-07-09
Evan;Ouest;Produit_B;30;58.52;1755.6000000000001;2025-07-10
Evan;Nord;Produit_C;13;81.36;1057.68;2025-07-11
Evan;Ouest;Produit_B;21;18.03;378.63;2025-07-12
Charlie;Est;Produit_A;19;60.17;1143.23;2025-07-13
Charlie;Sud;Produit_B;19;53.02;1007.3800000000001;2025-07-14
Bob;Sud;Produit_A;25;18.69;467.25000000000006;2025-07-15
Diana;Nord;Produit_B;22;64.28;1414.16;2025-07-16
Alice;Nord;Produit_C;31;31.0;961.0;2025-07-17
Evan;Sud;Produit_A;17;51.34;872.7800000000001;2025-07-18
Bob;Ouest;Produit_B;23;12.82;294.86;2025-07-19
Alice;Ouest;Produit_B;32;48.66;1557.12;2025-07-20
Bob;Est;Produit_B;10;34.11;341.1;2025-07-21
Charlie;Ouest;Produit_A;10;83.13;831.3;2025-07-22
Evan;Nord;Produit_A;36;10.41;374.76;2025-07-23
Alice;Nord;Produit_A;8;44.77;358.16;2025-07-24
Alice;Ouest;Produit_C;20;48.55;971.0;2025-07-25
Alice;Nord;Produit_C;32;73.88;2364.16;2025-07-26
Alice;Sud;Produit_A;14;59.56;833.84;2025-07-27
Alice;Sud;Produit_B;28;68.39;1914.92;2025-07-28
Bob;Ouest;Produit_C;46;78.82;3625.72;2025-07-29
Evan;Sud;Produit_A;24;86.91;2085.84;2025-07-30
Charlie;Sud;Produit_B;15;34.82;522.3;2025-07-31
Charlie;Est;Produit_C;22;56.11;1234.42;2025-08-01
Charlie;Est;Produit_B;30;84.81;2544.3;2025-08-02
Charlie;Sud;Produit_B;4;99.0;396.0;2025-08-03
Bob;Ouest;Produit_B;13;89.5;1163.5;2025-08-04
Diana;Est;Produit_B;23;40.29;926.67;2025-08-05
Evan;Nord;Produit_C;8;23.54;188.32;2025-08-06
Alice;Nord;Produit_C;18;51.49;926.82;2025-08-07
Diana;Nord;Produit_C;12;75.46;905.52;2025-08-08
Charlie;Ouest;Produit_A;31;51.79;1605.49;2025-08-09
Diana;Sud;Produit_C;14;50.9;712.6;2025-08-10
Evan;Nord;Produit_B;34;84.63;2877.42;2025-08-11
Alice;Ouest;Produit_C;18;39.33;707.9399999999999;2025-08-12
Alice;Est;Produit_B;34;86.68;2947.1200000000003;2025-08-13
Evan;Sud;Produit_A;11;43.65;480.15;2025-08-14
Evan;Est;Produit_B;41;36.18;1483.3799999999999;2025-08-15
Charlie;Ouest;Produit_B;12;48.13;577.5600000000001;2025-08-16
Alice;Nord;Produit_B;49;77.43;3794.07;2025-08-17
Diana;Nord;Produit_A;15;16.97;254.54999999999998;2025-08-18
Bob;Ouest;Produit_C;31;23.66;733.46;2025-08-19
Bob;Nord;Produit_C;49;95.39;4674.11;2025-08-20
Evan;Sud;Produit_A;29;21.67;628.4300000000001;2025-08-21
Charlie;Ouest;Produit_B;26;58.93;1532.18;2025-08-22
Bob;Est;Produit_C;18;60.03;1080.54;2025-08-23
Alice;Ouest;Produit_A;32;51.51;1648.32;2025-08-24
Evan;Sud;Produit_C;22;66.25;1457.5;2025-08-25
Diana;Sud;Produit_A;38;26.83;1019.54;2025-08-26
Evan;Ouest;Produit_B;17;57.5;977.5;2025-08-27
Diana;Ouest;Produit_C;23;40.36;928.28;2025-08-28
Evan;Nord;Produit_A;24;67.86;1628.6399999999999;2025-08-29
Evan;Sud;Produit_C;8;18.42;147.36;2025-08-30
Evan;Ouest;Produit_C;41;59.23;2428.43;2025-08-31
Diana;Ouest;Produit_C;6;22.6;135.60000000000002;2025-09-01
Diana;Sud;Produit_C;5;31.47;157.35;2025-09-02
Evan;Ouest;Produit_A;44;25.78;1134.3200000000002;2025-09-03
Bob;Nord;Produit_B;29;22.37;648.73;2025-09-04
Charlie;Sud;Produit_A;28;83.44;2336.3199999999997;2025-09-05
Charlie;Nord;Produit_A;11;32.14;353.54;2025-09-06
Charlie;Nord;Produit_A;1;93.08;93.08;2025-09-07
Diana;Nord;Produit_B;43;97.14;4177.02;2025-09-08
Diana;Nord;Produit_C;19;59.27;1126.13;2025-09-09
Bob;Sud;Produit_C;9;18.59;167.31;2025-09-10
Charlie;Nord;Produit_C;27;40.58;1095.6599999999999;2025-09-11
Charlie;Nord;Produit_B;34;80.78;2746.52;2025-09-12
Evan;Ouest;Produit_C;44;39.9;1755.6;2025-09-13
Diana;Sud;Produit_B;4;13.27;53.08;2025-09-14
Charlie;Sud;Produit_C;36;57.89;2084.04;2025-09-15
Bob;Est;Produit_C;18;85.29;1535.22;2025-09-16
Bob;Sud;Produit_A;15;80.61;1209.15;2025-09-17
Charlie;Sud;Produit_B;13;21.64;281.32;2025-09-18
Diana;Est;Produit_A;19;68.91;1309.29;2025-09-19
Bob;Sud;Produit_A;49;25.95;1271.55;2025-09-20
Evan;Sud;Produit_A;6;25.73;154.38;2025-09-21
Bob;Sud;Produit_B;48;88.04;4225.92;2025-09-22
Alice;Sud;Produit_B;12;28.72;344.64;2025-09-23
Alice;Est;Produit_C;37;30.01;1110.3700000000001;2025-09-24
Diana;Sud;Produit_A;17;5.06;86.02;2025-09-25
Charlie;Sud;Produit_C;23;87.71;2017.33;2025-09-26